{
  "id": "/nginx",
  "cmd": "cd /opt/bitnami/nginx && nami initialize nginx && cp /mnt/mesos/sandbox/nginx/*.conf /bitnami/nginx/conf/vhosts/ && nami start --foreground nginx",
  "cpus": 1,
  "mem": 1024,
  "disk": 0,
  "instances": 2,
  "portDefinitions": [],
  "acceptedResourceRoles": [
    "slave_public"
  ],
  "container": {
    "type": "DOCKER",
    "docker": {
      "forcePullImage": false,
      "image": "bitnami/nginx:1.10.3-r1",
      "parameters": [],
      "privileged": false
    },
    "volumes": [],
    "portMappings": [
      {
        "containerPort": 80,
        "hostPort": 0,
        "labels": {},
        "protocol": "tcp",
        "servicePort": 10000
      },
      {
        "containerPort": 443,
        "hostPort": 0,
        "labels": {},
        "protocol": "tcp",
        "servicePort": 10003
      },
      {
        "containerPort": 8888,
        "hostPort": 0,
        "labels": {
          "VIP_0": "/mynewtest:8888"
        },
        "protocol": "tcp",
        "servicePort": 10000
      }
    ]
  },
  "fetch": [
    {
      "uri": "http://172.16.5.140:7777/nginx.tar",
      "extract": true,
      "executable": false,
      "cache": false
    }
  ],
  "healthChecks": [
    {
      "command": {
        "value": "nami status nginx | grep -q 'com.bitnami.nginx is running'"
      },
      "gracePeriodSeconds": 300,
      "intervalSeconds": 60,
      "maxConsecutiveFailures": 3,
      "protocol": "COMMAND",
      "ipProtocol": "IPv4",
      "timeoutSeconds": 20,
      "delaySeconds": 15
    }
  ],
  "maxLaunchDelaySeconds": 300,
  "networks": [
    {
      "mode": "container/bridge"
    }
  ]
}
